{
    "train_time": 37.39029932022095,
    "window_len": 10,
    "num_features": 25,
    "class_weights": {
        "0": 2.453352252571834,
        "1": 0.6279851085081267
    }
}